"","Age","Sex","Job","Housing","Saving.accounts","Checking.account","Credit.amount","Duration","Purpose","Risk"
"1",67,"1","2","3","1","1",1169,6,"2","0"
"2",22,"2","2","3","1","2",5951,48,"2","1"
"3",49,"1","1","3","1","1",2096,12,"7","0"
"4",45,"1","2","1","1","1",7882,42,"4","0"
"5",53,"1","2","1","1","1",4870,24,"6","1"
"6",35,"1","1","1","1","1",9055,36,"7","0"
"7",53,"1","2","3","3","2",2835,24,"4","0"
"8",35,"1","3","2","1","2",6948,36,"6","0"
"9",61,"1","1","3","4","2",3059,12,"2","0"
"10",28,"1","3","3","1","2",5234,30,"6","1"
"11",25,"2","2","2","1","2",1295,12,"6","1"
"12",24,"2","2","2","1","1",4308,48,"8","1"
"13",22,"2","2","3","1","2",1567,12,"2","0"
"14",60,"1","1","3","1","1",1199,24,"6","1"
"15",28,"2","2","2","1","1",1403,15,"6","0"
"16",32,"2","1","3","2","1",1282,24,"2","1"
"17",53,"1","2","3","1","1",2424,24,"2","0"
"18",25,"1","2","3","1","1",8072,30,"8","0"
"19",44,"2","3","1","1","2",12579,24,"6","1"
"20",31,"1","2","3","3","2",3430,24,"2","0"
"21",48,"1","2","3","1","1",2134,9,"6","0"
"22",44,"1","2","2","3","1",2647,6,"2","0"
"23",48,"1","1","2","1","1",2241,10,"6","0"
"24",44,"1","2","3","2","2",1804,12,"6","0"
"25",26,"1","2","3","1","1",2069,10,"4","0"
"26",36,"1","1","3","1","1",1374,6,"4","0"
"27",39,"1","1","3","1","2",426,6,"2","0"
"28",42,"2","2","2","4","2",409,12,"2","0"
"29",34,"1","2","3","1","2",2415,7,"2","0"
"30",63,"1","2","3","1","1",6836,60,"8","1"
"31",36,"1","2","3","4","2",1913,18,"8","0"
"32",27,"1","2","3","1","1",4020,24,"4","0"
"33",30,"1","2","3","2","2",5866,18,"6","0"
"34",57,"1","1","2","1","1",1264,12,"8","0"
"35",33,"2","3","3","1","2",1474,12,"4","0"
"36",25,"1","1","3","1","2",4746,45,"2","1"
"37",31,"1","2","1","1","1",6110,48,"7","0"
"38",37,"1","2","3","1","1",2100,18,"2","1"
"39",37,"1","2","3","1","2",1225,10,"3","0"
"40",24,"1","2","3","1","2",458,9,"2","0"
"41",30,"1","3","3","3","2",2333,30,"2","0"
"42",26,"1","2","3","3","2",1158,12,"2","0"
"43",44,"1","1","3","1","2",6204,18,"5","0"
"44",24,"1","2","2","2","1",6187,30,"6","0"
"45",58,"2","1","1","1","1",6143,48,"6","1"
"46",35,"2","3","3","1","1",1393,11,"6","0"
"47",39,"1","2","3","3","2",2299,36,"2","0"
"48",23,"2","0","2","3","1",1352,6,"6","0"
"49",39,"1","1","3","1","2",7228,11,"6","0"
"50",28,"2","2","3","2","2",2073,12,"2","0"
"51",29,"1","1","3","1","2",2333,24,"4","0"
"52",30,"1","3","3","1","2",5965,27,"6","0"
"53",25,"1","2","3","1","2",1262,12,"2","0"
"54",31,"1","2","3","1","2",3378,18,"6","0"
"55",57,"1","2","1","1","2",2225,36,"6","1"
"56",26,"1","1","3","1","1",783,6,"6","0"
"57",52,"1","3","3","1","2",6468,12,"2","1"
"58",31,"2","2","3","1","1",9566,36,"2","0"
"59",23,"2","3","3","1","2",1961,18,"6","0"
"60",23,"2","1","2","1","1",6229,36,"4","1"
"61",27,"1","2","3","1","2",1391,9,"8","0"
"62",50,"1","2","3","1","2",1537,15,"2","0"
"63",61,"1","3","1","1","2",1953,36,"8","1"
"64",25,"1","2","3","1","2",14421,48,"8","1"
"65",26,"2","2","3","1","1",3181,24,"2","0"
"66",48,"1","2","3","4","2",5190,27,"5","0"
"67",29,"2","2","3","1","1",2171,12,"2","0"
"68",22,"1","2","3","4","2",1007,12,"6","0"
"69",37,"1","2","1","1","2",1819,36,"7","1"
"70",25,"2","2","3","1","1",2394,36,"2","0"
"71",30,"2","2","3","1","1",8133,36,"6","0"
"72",46,"1","1","2","1","2",730,7,"2","0"
"73",51,"1","3","1","1","1",1164,8,"1","0"
"74",41,"2","1","3","1","2",5954,42,"8","0"
"75",40,"1","3","3","1","1",1977,36,"7","1"
"76",66,"1","3","1","1","1",1526,12,"6","0"
"77",34,"1","2","3","1","1",3965,42,"2","1"
"78",51,"1","2","3","1","2",4771,11,"2","0"
"79",39,"1","1","3","4","1",9436,54,"6","0"
"80",22,"1","2","3","1","2",3832,30,"4","0"
"81",44,"2","2","3","1","2",5943,24,"2","1"
"82",47,"1","2","3","3","2",1213,15,"2","0"
"83",24,"2","1","2","2","2",1568,18,"8","0"
"84",58,"2","1","3","1","1",1755,24,"1","0"
"85",52,"1","1","3","1","1",2315,10,"2","0"
"86",29,"2","3","3","1","2",1412,12,"8","0"
"87",27,"2","2","3","1","2",1295,18,"4","0"
"88",47,"1","2","1","2","2",12612,36,"7","1"
"89",30,"1","3","3","2","1",2249,18,"6","0"
"90",28,"1","2","3","1","1",1108,12,"5","1"
"91",56,"1","2","3","1","2",618,12,"2","0"
"92",54,"1","2","3","1","1",1409,12,"6","0"
"93",33,"2","1","3","1","2",797,12,"2","1"
"94",20,"1","2","2","1","1",3617,24,"4","0"
"95",54,"1","2","3","4","2",1318,12,"6","0"
"96",58,"1","2","2","1","2",15945,54,"8","1"
"97",61,"2","2","3","3","2",2012,12,"7","0"
"98",34,"1","2","3","2","2",2622,18,"8","0"
"99",36,"1","2","3","1","2",2337,36,"2","0"
"100",36,"1","3","2","1","2",7057,20,"6","0"
"101",41,"1","1","2","2","1",1469,24,"6","0"
"102",24,"1","2","2","1","2",2323,36,"2","0"
"103",24,"2","2","3","1","2",932,6,"2","0"
"104",35,"1","2","2","1","2",1919,9,"4","0"
"105",26,"1","2","2","3","2",2445,12,"6","0"
"106",39,"1","3","3","1","2",11938,24,"1","1"
"107",39,"1","3","3","1","1",6458,18,"6","1"
"108",32,"1","2","3","1","2",6078,12,"6","0"
"109",30,"2","2","3","3","1",7721,24,"4","0"
"110",35,"1","2","3","3","2",1410,14,"8","0"
"111",31,"1","2","3","2","2",1449,6,"8","0"
"112",23,"2","2","2","1","2",392,15,"7","0"
"113",28,"1","1","2","1","2",6260,18,"6","0"
"114",25,"2","2","3","1","2",7855,36,"6","1"
"115",35,"1","2","3","3","1",1680,12,"2","0"
"116",47,"1","2","3","2","2",3578,48,"2","0"
"117",30,"2","3","3","1","1",7174,42,"2","1"
"118",27,"2","2","2","1","1",2132,10,"4","0"
"119",23,"2","2","3","3","1",4281,33,"4","1"
"120",36,"1","3","3","3","2",2366,12,"6","0"
"121",25,"2","2","3","1","1",1835,21,"2","1"
"122",41,"2","3","2","1","2",3868,24,"6","0"
"123",24,"1","1","2","1","1",1768,12,"4","0"
"124",63,"1","2","1","1","1",781,10,"6","0"
"125",27,"2","2","2","1","2",1924,18,"4","1"
"126",30,"1","2","3","1","1",2121,12,"6","0"
"127",40,"1","1","3","1","1",701,12,"2","0"
"128",30,"1","2","3","1","2",639,12,"5","1"
"129",34,"1","3","3","1","2",1860,12,"6","0"
"130",29,"2","2","3","1","1",3499,12,"6","1"
"131",24,"2","2","3","3","2",8487,48,"6","0"
"132",29,"1","2","3","1","1",6887,36,"7","1"
"133",27,"1","1","3","1","2",2708,15,"4","0"
"134",47,"1","2","1","1","2",1984,18,"4","0"
"135",21,"2","2","3","2","2",10144,60,"2","0"
"136",38,"2","2","3","1","2",1240,12,"2","0"
"137",27,"1","2","3","4","2",8613,27,"6","0"
"138",66,"1","1","3","3","2",766,12,"2","1"
"139",35,"1","2","3","2","2",2728,15,"2","0"
"140",44,"2","1","2","1","1",1881,12,"2","0"
"141",27,"1","0","3","4","2",709,6,"6","0"
"142",30,"2","3","3","1","2",4795,36,"2","0"
"143",27,"1","3","3","1","1",3416,27,"2","0"
"144",22,"1","2","3","1","1",2462,18,"4","1"
"145",23,"2","2","3","1","1",2288,21,"4","0"
"146",30,"1","2","3","2","2",3566,48,"8","0"
"147",39,"2","2","3","1","1",860,6,"6","0"
"148",51,"2","2","3","2","1",682,12,"6","0"
"149",28,"1","2","3","1","1",5371,36,"4","0"
"150",46,"1","2","3","4","1",1582,18,"2","0"
"151",42,"1","2","1","2","2",1346,6,"2","0"
"152",38,"1","2","3","1","2",1924,10,"2","0"
"153",24,"1","2","3","1","1",5848,36,"2","0"
"154",29,"2","2","2","4","2",7758,24,"6","0"
"155",36,"1","3","2","2","2",6967,24,"8","0"
"156",20,"2","2","2","1","1",1282,12,"4","1"
"157",48,"1","2","3","2","1",1288,9,"5","0"
"158",45,"1","1","3","1","1",339,12,"7","0"
"159",38,"1","2","3","2","2",3512,24,"6","0"
"160",34,"1","1","3","1","2",1898,6,"2","0"
"161",36,"1","2","3","2","2",2872,24,"2","0"
"162",30,"2","2","3","1","2",1055,18,"6","0"
"163",36,"1","2","3","3","2",1262,15,"3","0"
"164",70,"1","3","1","1","2",7308,10,"6","0"
"165",36,"1","2","3","3","1",909,36,"6","0"
"166",32,"1","2","3","3","1",2978,6,"4","0"
"167",33,"2","2","3","1","1",1131,18,"4","1"
"168",20,"2","2","3","4","2",1577,11,"4","0"
"169",25,"2","2","2","1","1",3972,24,"4","0"
"170",31,"1","2","3","1","2",1935,24,"8","1"
"171",33,"1","2","2","1","1",950,15,"6","1"
"172",26,"2","2","3","1","2",763,12,"4","0"
"173",34,"2","3","3","1","2",2064,24,"4","1"
"174",33,"1","2","3","1","2",1414,8,"2","0"
"175",26,"1","2","3","1","1",3414,21,"7","1"
"176",53,"2","3","3","3","2",7485,30,"6","1"
"177",42,"1","2","3","1","1",2577,12,"4","0"
"178",52,"1","2","3","3","1",338,6,"2","0"
"179",31,"1","3","2","1","1",1963,12,"2","0"
"180",65,"1","2","3","1","1",571,21,"6","0"
"181",28,"1","2","3","1","1",9572,36,"8","1"
"182",30,"1","3","3","1","2",4455,36,"8","1"
"183",40,"1","1","3","1","1",1647,21,"6","1"
"184",50,"1","2","3","4","1",3777,24,"4","0"
"185",36,"1","2","3","1","2",884,18,"6","1"
"186",31,"1","2","3","1","1",1360,15,"2","0"
"187",74,"2","3","1","1","2",5129,9,"6","1"
"188",68,"1","0","1","1","2",1175,16,"6","0"
"189",20,"1","2","3","2","1",674,12,"2","1"
"190",33,"2","2","3","1","2",3244,18,"4","0"
"191",54,"1","3","3","4","1",4591,24,"8","1"
"192",34,"1","1","1","2","2",3844,48,"8","1"
"193",36,"1","2","3","1","2",3915,27,"8","1"
"194",29,"1","2","2","1","2",2108,6,"2","0"
"195",21,"1","2","2","2","2",3031,45,"2","1"
"196",34,"2","3","3","1","2",1501,9,"7","1"
"197",28,"2","2","3","1","2",1382,6,"2","0"
"198",27,"2","2","2","2","2",951,12,"4","1"
"199",36,"1","2","1","1","2",2760,24,"6","0"
"200",40,"1","3","3","1","2",4297,18,"4","1"
"201",52,"1","2","3","3","2",936,9,"7","0"
"202",27,"1","1","3","1","1",1168,12,"6","0"
"203",26,"1","2","3","1","2",5117,27,"8","0"
"204",21,"1","2","2","1","1",902,12,"7","1"
"205",38,"1","1","3","1","2",1495,12,"6","0"
"206",38,"1","3","1","1","1",10623,30,"6","0"
"207",43,"1","2","3","1","1",1935,12,"4","0"
"208",26,"1","2","3","1","2",1424,12,"3","0"
"209",21,"1","1","3","1","1",6568,24,"8","0"
"210",55,"1","2","3","4","1",1413,12,"6","0"
"211",33,"1","2","3","2","2",3074,9,"2","0"
"212",45,"2","1","3","1","2",3835,36,"2","0"
"213",50,"1","2","3","1","1",5293,27,"8","1"
"214",66,"1","3","3","1","1",1908,30,"8","1"
"215",51,"1","2","3","1","1",3342,36,"2","0"
"216",39,"2","1","3","1","2",932,6,"7","0"
"217",31,"1","2","3","1","1",3104,18,"8","0"
"218",23,"1","2","3","1","2",3913,36,"2","0"
"219",24,"1","1","2","1","1",3021,24,"4","0"
"220",64,"2","2","3","1","2",1364,10,"6","0"
"221",26,"1","1","3","1","2",625,12,"2","0"
"222",23,"2","2","2","1","1",1200,12,"7","0"
"223",30,"1","2","3","1","2",707,12,"2","0"
"224",32,"1","2","3","1","2",2978,24,"8","0"
"225",30,"1","2","3","1","1",4657,15,"6","0"
"226",27,"1","2","3","1","1",2613,36,"5","0"
"227",27,"1","2","3","4","2",10961,48,"2","1"
"228",53,"1","3","1","1","1",7865,12,"4","1"
"229",22,"1","2","3","1","2",1478,9,"2","1"
"230",22,"1","2","1","1","1",3149,24,"4","0"
"231",26,"1","2","3","1","2",4210,36,"2","1"
"232",51,"1","1","1","3","2",2507,9,"6","0"
"233",35,"1","2","3","2","2",2141,12,"2","0"
"234",25,"1","1","3","1","2",866,18,"2","0"
"235",42,"1","1","3","1","2",1544,4,"2","0"
"236",30,"1","3","3","1","1",1823,24,"2","1"
"237",23,"1","0","3","1","2",14555,6,"6","1"
"238",61,"1","1","2","2","2",2767,21,"8","1"
"239",35,"2","2","3","1","2",1291,12,"2","0"
"240",39,"1","2","3","1","1",2522,30,"2","0"
"241",29,"2","2","3","1","1",915,24,"6","1"
"242",51,"1","2","3","1","1",1595,6,"2","0"
"243",24,"1","2","1","1","1",4605,48,"6","1"
"244",27,"2","2","3","1","1",1185,12,"8","0"
"245",35,"2","1","3","3","2",3447,12,"7","0"
"246",25,"1","2","3","1","2",1258,24,"8","0"
"247",52,"1","2","3","1","1",717,12,"2","0"
"248",35,"1","2","2","2","1",1204,6,"6","0"
"249",26,"1","2","3","1","1",1925,24,"4","0"
"250",22,"2","2","2","1","1",433,18,"2","1"
"251",39,"2","1","3","4","1",666,6,"6","0"
"252",46,"2","1","3","1","1",2251,12,"4","0"
"253",24,"2","2","3","1","2",2150,30,"6","1"
"254",35,"1","2","3","2","1",4151,24,"4","0"
"255",24,"1","2","3","1","2",2030,9,"4","0"
"256",27,"1","1","3","1","2",7418,60,"2","0"
"257",35,"1","1","3","1","2",2684,24,"2","0"
"258",29,"1","2","1","1","1",2149,12,"2","1"
"259",23,"2","2","3","2","2",3812,15,"6","0"
"260",57,"2","1","3","2","2",1154,11,"2","0"
"261",27,"1","2","3","1","1",1657,12,"4","0"
"262",55,"2","2","3","1","1",1603,24,"2","0"
"263",36,"1","3","1","1","1",5302,18,"6","0"
"264",57,"2","1","1","1","1",2748,12,"7","0"
"265",32,"1","1","3","1","1",1231,10,"6","0"
"266",37,"1","2","3","1","2",802,15,"2","1"
"267",36,"1","2","3","1","2",6304,36,"8","0"
"268",38,"2","2","3","1","1",1533,24,"2","0"
"269",45,"1","3","3","1","1",8978,14,"6","1"
"270",25,"1","2","3","2","2",999,24,"2","0"
"271",32,"1","2","3","1","1",2662,18,"6","0"
"272",37,"2","2","2","3","2",1402,12,"4","0"
"273",36,"1","3","1","1","2",12169,48,"6","0"
"274",28,"1","2","3","1","2",3060,48,"2","1"
"275",34,"1","1","3","1","1",11998,30,"5","1"
"276",32,"1","2","3","1","2",2697,9,"2","0"
"277",26,"2","2","3","1","2",2404,18,"2","0"
"278",49,"1","1","3","1","1",1262,12,"4","0"
"279",32,"2","2","3","1","2",4611,6,"4","1"
"280",29,"1","3","2","2","1",1901,24,"2","0"
"281",23,"1","2","2","4","1",3368,15,"6","0"
"282",50,"1","2","3","1","1",1574,12,"4","0"
"283",49,"1","1","3","1","2",1445,18,"2","0"
"284",63,"1","2","3","3","1",1520,15,"4","0"
"285",37,"1","2","3","2","2",3878,24,"6","0"
"286",35,"2","1","3","1","1",10722,47,"6","0"
"287",26,"1","2","3","1","1",4788,48,"6","0"
"288",31,"1","3","1","2","2",7582,48,"1","0"
"289",49,"2","2","3","1","2",1092,12,"2","0"
"290",48,"1","2","3","1","1",1024,24,"2","1"
"291",26,"1","2","3","1","2",1076,12,"8","0"
"292",28,"1","3","2","1","2",9398,36,"6","1"
"293",44,"2","3","1","1","1",6419,24,"6","0"
"294",56,"1","2","1","1","1",4796,42,"6","0"
"295",46,"1","3","3","1","2",7629,48,"8","0"
"296",26,"2","2","3","1","2",9960,48,"4","1"
"297",20,"2","2","2","2","2",4675,12,"6","0"
"298",45,"1","1","3","2","1",1287,10,"6","0"
"299",43,"1","2","3","1","1",2515,18,"4","0"
"300",32,"1","2","3","4","2",2745,21,"4","0"
"301",54,"2","0","3","1","2",672,6,"6","0"
"302",42,"2","2","3","1","2",3804,36,"2","1"
"303",37,"1","1","3","1","1",1344,24,"6","1"
"304",49,"1","2","3","1","1",1038,10,"6","0"
"305",44,"1","2","1","3","2",10127,48,"6","1"
"306",33,"1","2","3","4","2",1543,6,"4","0"
"307",24,"2","1","2","1","1",4811,30,"6","0"
"308",33,"1","1","3","2","1",727,12,"2","1"
"309",24,"2","2","3","1","2",1237,8,"4","1"
"310",22,"1","1","2","1","2",276,9,"6","0"
"311",40,"1","0","1","1","2",5381,48,"1","0"
"312",25,"1","2","3","2","1",5511,24,"4","0"
"313",26,"2","2","3","1","2",3749,24,"4","0"
"314",25,"1","1","3","1","2",685,12,"6","1"
"315",29,"1","1","3","2","2",1494,4,"6","0"
"316",31,"1","2","3","1","1",2746,36,"4","1"
"317",38,"1","1","3","1","1",708,12,"4","0"
"318",48,"2","1","3","1","2",4351,24,"4","0"
"319",32,"1","2","3","1","2",701,12,"7","0"
"320",27,"2","1","3","1","1",3643,15,"4","0"
"321",28,"1","3","3","1","2",4249,30,"6","1"
"322",32,"1","2","3","1","1",1938,24,"2","1"
"323",34,"1","3","1","1","1",2910,24,"6","0"
"324",28,"1","2","3","4","1",2659,18,"4","0"
"325",36,"2","2","3","1","2",1028,18,"6","0"
"326",39,"1","1","3","1","1",3398,8,"6","0"
"327",49,"1","2","2","1","2",5801,12,"4","0"
"328",34,"2","2","3","4","1",1525,24,"6","0"
"329",31,"1","2","3","1","2",4473,36,"2","0"
"330",28,"1","2","3","1","2",1068,6,"2","0"
"331",75,"1","3","1","1","1",6615,24,"6","0"
"332",30,"2","2","3","2","1",1864,18,"7","1"
"333",24,"2","3","3","2","2",7408,60,"6","1"
"334",24,"2","1","2","2","2",11590,48,"6","1"
"335",23,"1","2","2","1","1",4110,24,"4","1"
"336",44,"1","3","2","1","1",3384,6,"4","1"
"337",23,"2","1","3","1","2",2101,13,"2","0"
"338",24,"2","2","2","1","1",1275,15,"3","1"
"339",28,"1","2","3","1","1",4169,24,"4","0"
"340",31,"1","1","3","1","2",1521,10,"4","0"
"341",24,"2","2","1","1","2",5743,24,"7","0"
"342",26,"2","1","2","1","1",3599,21,"4","0"
"343",25,"1","2","2","3","2",3213,18,"2","0"
"344",33,"1","3","3","1","2",4439,18,"8","0"
"345",37,"1","1","3","1","2",3949,10,"6","0"
"346",43,"2","1","3","1","1",1459,15,"2","0"
"347",23,"1","2","3","1","2",882,13,"2","0"
"348",23,"2","0","2","3","2",3758,24,"2","0"
"349",34,"1","1","3","2","2",1743,6,"8","0"
"350",32,"1","2","1","4","2",1136,9,"7","1"
"351",23,"2","2","2","1","1",1236,9,"3","0"
"352",29,"2","2","3","1","2",959,9,"4","1"
"353",38,"1","3","3","3","1",3229,18,"6","0"
"354",28,"1","2","2","1","1",6199,12,"2","1"
"355",46,"1","2","1","3","1",727,10,"7","0"
"356",23,"1","1","3","1","2",1246,24,"6","1"
"357",49,"1","2","3","1","1",2331,12,"2","0"
"358",26,"1","3","3","1","2",4463,36,"2","1"
"359",28,"1","2","3","1","1",776,12,"2","0"
"360",23,"2","2","2","1","1",2406,30,"4","1"
"361",61,"1","2","1","1","2",1239,18,"7","0"
"362",37,"1","3","3","1","1",3399,12,"2","0"
"363",36,"2","2","3","1","2",2247,12,"6","0"
"364",21,"1","2","2","1","2",1766,6,"4","0"
"365",25,"1","0","3","1","1",2473,18,"4","1"
"366",36,"1","2","3","1","2",1542,12,"8","0"
"367",27,"1","2","3","1","2",3850,18,"6","0"
"368",22,"2","2","2","1","1",3650,18,"4","0"
"369",42,"1","2","3","1","1",3446,36,"4","1"
"370",40,"2","2","2","1","2",3001,18,"4","0"
"371",36,"1","2","3","1","1",3079,36,"6","0"
"372",33,"1","2","3","1","2",6070,18,"2","0"
"373",23,"2","2","2","1","1",2146,10,"4","0"
"374",63,"1","3","1","1","2",13756,60,"6","0"
"375",60,"2","3","1","2","2",14782,60,"1","1"
"376",37,"2","2","2","1","1",7685,48,"8","1"
"377",34,"1","2","3","1","1",2320,18,"2","0"
"378",36,"1","2","1","1","1",846,7,"2","0"
"379",57,"1","3","1","1","2",14318,36,"6","1"
"380",52,"2","1","3","2","1",362,6,"6","0"
"381",39,"1","2","3","3","1",2212,20,"4","0"
"382",38,"2","3","1","1","2",12976,18,"6","1"
"383",25,"2","2","2","1","1",1283,22,"6","0"
"384",26,"1","2","3","1","1",1330,12,"6","0"
"385",26,"1","1","3","2","1",4272,30,"8","0"
"386",25,"2","2","3","1","2",2238,18,"2","0"
"387",21,"2","2","2","1","1",1126,18,"2","0"
"388",40,"1","3","3","1","2",7374,18,"4","0"
"389",27,"1","2","3","3","2",2326,15,"8","0"
"390",27,"2","2","3","1","2",1449,9,"8","0"
"391",30,"1","3","3","1","1",1820,18,"6","0"
"392",19,"2","1","2","4","2",983,12,"4","0"
"393",39,"1","3","1","1","1",3249,36,"6","0"
"394",31,"2","2","3","1","1",1957,6,"2","0"
"395",31,"1","3","3","1","2",2406,9,"4","0"
"396",32,"1","2","2","2","2",11760,39,"7","0"
"397",55,"2","3","1","1","1",2578,12,"4","0"
"398",46,"1","2","3","1","1",2348,36,"4","0"
"399",46,"1","2","2","1","2",1223,12,"6","1"
"400",43,"2","1","3","4","1",1516,24,"2","0"
"401",39,"1","2","3","1","2",1473,18,"2","0"
"402",28,"1","2","3","2","2",1887,18,"8","0"
"403",27,"1","2","3","1","2",8648,24,"8","1"
"404",27,"1","1","3","1","1",802,14,"6","0"
"405",43,"1","2","3","1","2",2899,18,"6","0"
"406",22,"1","2","3","1","2",2039,24,"2","1"
"407",43,"1","2","3","3","2",2197,24,"6","0"
"408",27,"1","2","3","1","1",1053,15,"2","0"
"409",26,"1","3","3","3","2",3235,24,"2","0"
"410",28,"1","2","3","3","2",939,12,"6","1"
"411",20,"2","2","3","1","2",1967,24,"2","0"
"412",35,"1","3","3","1","1",7253,33,"6","0"
"413",42,"1","3","3","1","2",2292,12,"8","1"
"414",40,"1","1","2","3","2",1597,10,"6","0"
"415",35,"2","2","3","1","1",1381,24,"6","1"
"416",35,"1","2","3","1","1",5842,36,"6","0"
"417",33,"1","1","3","1","1",2579,12,"6","1"
"418",23,"2","2","2","1","1",8471,18,"7","0"
"419",31,"2","3","3","3","2",2782,21,"6","0"
"420",33,"2","2","3","1","2",1042,18,"6","1"
"421",20,"2","2","2","4","1",3186,15,"6","0"
"422",30,"1","2","3","2","2",2028,12,"6","0"
"423",47,"1","1","3","1","2",958,12,"6","0"
"424",34,"1","3","3","2","2",1591,21,"4","0"
"425",25,"2","2","3","1","2",2762,12,"4","1"
"426",21,"1","2","2","1","2",2779,18,"6","0"
"427",29,"1","2","3","1","2",2743,28,"2","0"
"428",46,"1","2","3","4","2",1149,18,"2","0"
"429",20,"1","2","3","1","1",1313,9,"4","0"
"430",55,"2","0","1","1","1",1190,18,"5","1"
"431",74,"1","1","3","1","2",3448,5,"8","0"
"432",29,"1","3","3","1","2",11328,24,"1","1"
"433",36,"1","3","1","1","1",1872,6,"4","0"
"434",33,"1","2","3","1","2",2058,24,"5","0"
"435",25,"1","2","3","1","1",2136,9,"4","0"
"436",25,"1","2","3","1","2",1484,12,"2","1"
"437",23,"1","1","2","3","2",660,6,"5","0"
"438",37,"2","2","3","4","1",1287,24,"6","0"
"439",65,"1","0","3","1","1",3394,42,"5","0"
"440",26,"2","0","3","1","2",609,12,"8","1"
"441",39,"1","3","3","1","1",1884,12,"6","0"
"442",30,"2","2","3","1","1",1620,12,"4","0"
"443",29,"1","2","3","1","2",2629,20,"1","0"
"444",41,"1","1","3","1","1",719,12,"7","1"
"445",30,"2","3","3","1","2",5096,48,"4","1"
"446",41,"2","1","2","4","2",1244,9,"7","0"
"447",34,"2","2","3","1","1",1842,36,"6","1"
"448",35,"1","2","3","1","2",2576,7,"2","0"
"449",55,"2","3","3","4","1",1424,12,"4","0"
"450",61,"1","2","3","4","2",1512,15,"5","1"
"451",30,"1","3","3","3","2",11054,36,"6","0"
"452",29,"2","2","3","1","2",518,6,"2","0"
"453",34,"1","2","3","1","2",2759,12,"4","0"
"454",35,"1","3","3","1","2",2670,24,"6","0"
"455",31,"1","2","3","1","1",4817,24,"6","1"
"456",29,"2","3","3","1","2",2679,24,"6","0"
"457",36,"1","2","2","1","1",3905,11,"6","0"
"458",35,"1","2","1","1","1",3386,12,"6","1"
"459",27,"2","2","3","1","1",343,6,"3","0"
"460",32,"1","2","3","1","1",4594,18,"2","0"
"461",37,"1","2","3","1","1",3620,36,"4","0"
"462",36,"1","2","3","1","1",1721,15,"6","0"
"463",34,"2","3","2","1","2",3017,12,"4","0"
"464",38,"1","2","3","1","2",754,12,"7","0"
"465",34,"1","2","3","1","2",1950,18,"8","0"
"466",63,"1","2","3","1","1",2924,24,"6","0"
"467",29,"2","1","2","1","1",1659,24,"2","1"
"468",32,"1","2","3","1","1",7238,48,"2","0"
"469",26,"2","2","3","1","2",2764,33,"8","0"
"470",35,"1","1","3","1","1",4679,24,"6","0"
"471",22,"1","2","2","2","2",3092,24,"2","1"
"472",23,"2","2","3","1","1",448,6,"7","1"
"473",28,"1","1","3","1","1",654,9,"6","1"
"474",36,"1","3","3","2","2",1238,6,"7","0"
"475",33,"1","2","3","1","2",1245,18,"2","1"
"476",26,"2","2","2","1","1",3114,18,"4","1"
"477",24,"1","2","3","3","2",2569,39,"6","0"
"478",25,"1","2","3","1","1",5152,24,"2","0"
"479",39,"1","1","3","2","2",1037,12,"8","0"
"480",44,"1","2","3","1","1",1478,15,"4","0"
"481",23,"2","1","3","1","2",3573,12,"2","0"
"482",26,"1","2","3","1","2",1201,24,"6","0"
"483",57,"2","2","2","4","1",3622,30,"4","0"
"484",30,"2","2","3","4","1",960,15,"4","0"
"485",44,"1","2","3","3","1",1163,12,"6","0"
"486",47,"1","3","3","1","2",1209,6,"6","1"
"487",52,"1","2","3","1","1",3077,12,"2","0"
"488",62,"2","2","1","1","2",3757,24,"6","0"
"489",35,"1","1","2","2","2",1418,10,"6","0"
"490",26,"1","2","2","1","1",3518,6,"6","0"
"491",26,"1","2","3","1","1",1934,12,"2","0"
"492",42,"2","3","1","1","2",8318,27,"8","1"
"493",27,"2","2","3","2","2",1237,6,"2","0"
"494",38,"1","2","3","1","2",368,6,"2","0"
"495",39,"1","1","2","1","1",2122,12,"6","0"
"496",20,"1","2","3","1","1",2996,24,"4","1"
"497",29,"1","3","2","2","2",9034,36,"4","1"
"498",40,"1","2","3","1","2",1585,24,"4","0"
"499",32,"1","1","3","1","2",1301,18,"2","0"
"500",28,"1","2","3","2","2",1323,6,"6","0"
"501",27,"2","2","3","1","1",3123,24,"6","1"
"502",42,"1","2","1","1","1",5493,36,"6","0"
"503",49,"1","2","3","2","2",1126,9,"2","0"
"504",38,"1","2","3","2","2",1216,24,"2","1"
"505",24,"2","2","2","1","1",1207,24,"6","1"
"506",27,"1","1","3","1","1",1309,10,"6","1"
"507",36,"1","2","3","3","2",2360,15,"6","0"
"508",34,"1","3","3","2","2",6850,15,"6","1"
"509",28,"1","2","3","1","1",1413,24,"2","0"
"510",45,"1","3","3","2","2",8588,39,"6","0"
"511",26,"1","2","3","1","1",759,12,"6","1"
"512",32,"1","3","1","1","2",4686,36,"6","0"
"513",26,"1","2","2","1","2",2687,15,"8","0"
"514",20,"1","2","2","1","2",585,12,"2","0"
"515",54,"1","2","3","3","1",2255,24,"6","0"
"516",37,"2","2","3","1","1",609,6,"6","0"
"517",40,"1","1","3","1","1",1361,6,"6","0"
"518",23,"2","2","2","1","1",7127,36,"4","1"
"519",43,"1","2","3","2","1",1203,6,"6","0"
"520",36,"1","2","1","3","2",700,6,"2","0"
"521",44,"1","2","1","1","2",5507,24,"5","0"
"522",24,"2","2","3","1","1",3190,18,"2","1"
"523",53,"1","2","1","1","1",7119,48,"4","1"
"524",23,"2","2","3","2","1",3488,24,"6","0"
"525",26,"2","1","3","1","2",1113,18,"2","0"
"526",30,"1","2","3","1","2",7966,26,"6","0"
"527",31,"2","2","3","2","2",1532,15,"7","0"
"528",42,"1","1","3","1","2",1503,4,"2","0"
"529",31,"1","2","2","1","1",2302,36,"2","1"
"530",41,"1","1","3","1","1",662,6,"6","0"
"531",32,"1","2","3","1","2",2273,36,"7","0"
"532",28,"2","2","2","2","2",2631,15,"6","1"
"533",41,"1","2","2","1","1",1503,12,"6","0"
"534",26,"1","2","3","2","1",1311,24,"2","0"
"535",25,"1","2","3","1","2",3105,24,"2","0"
"536",33,"1","2","2","1","1",2319,21,"7","1"
"537",75,"2","3","3","4","1",1374,6,"6","0"
"538",37,"2","2","3","1","2",3612,18,"4","0"
"539",42,"1","3","1","1","1",7763,48,"6","1"
"540",45,"2","1","3","1","2",3049,18,"4","0"
"541",23,"1","2","2","1","2",1534,12,"2","1"
"542",60,"1","2","1","1","1",2032,24,"6","0"
"543",31,"1","2","3","1","1",6350,30,"4","1"
"544",34,"1","1","3","1","1",2864,18,"4","1"
"545",61,"1","1","3","1","2",1255,12,"6","0"
"546",43,"1","2","1","1","1",1333,24,"6","1"
"547",37,"2","2","3","1","2",2022,24,"6","0"
"548",32,"1","2","3","1","1",1552,24,"2","0"
"549",24,"2","1","3","1","1",626,12,"2","1"
"550",35,"1","2","1","1","1",8858,48,"6","0"
"551",23,"2","2","3","1","1",996,12,"5","0"
"552",45,"1","1","3","3","2",1750,6,"2","0"
"553",34,"1","2","3","1","1",6999,48,"2","1"
"554",27,"1","2","3","2","2",1995,12,"6","0"
"555",67,"2","3","3","1","2",1199,9,"7","0"
"556",22,"1","2","3","1","2",1331,12,"2","1"
"557",28,"2","2","3","2","2",2278,18,"6","1"
"558",29,"2","2","3","2","1",5003,21,"6","1"
"559",27,"1","2","3","1","1",3552,24,"4","1"
"560",31,"1","1","3","1","2",1928,18,"4","1"
"561",49,"1","2","1","1","1",2964,24,"6","0"
"562",24,"1","1","2","1","1",1546,24,"2","1"
"563",29,"2","2","3","1","2",683,6,"2","0"
"564",37,"1","2","1","1","2",12389,36,"6","1"
"565",37,"1","3","3","1","2",4712,24,"8","0"
"566",23,"2","2","2","2","2",1553,24,"2","0"
"567",36,"1","2","3","1","1",1372,12,"6","1"
"568",34,"1","2","3","4","2",2578,24,"2","0"
"569",41,"1","2","3","3","2",3979,48,"2","0"
"570",31,"2","2","3","1","1",6758,48,"2","1"
"571",23,"2","1","2","1","1",3234,24,"4","1"
"572",38,"1","2","3","1","1",5954,30,"2","0"
"573",26,"2","3","2","2","2",5433,24,"6","0"
"574",22,"2","1","3","1","1",806,15,"8","0"
"575",27,"1","1","3","1","2",1082,9,"2","0"
"576",24,"2","2","3","1","1",2788,15,"4","0"
"577",27,"2","2","3","1","2",2930,12,"2","0"
"578",33,"2","2","3","1","2",1927,24,"7","0"
"579",27,"1","2","3","1","2",2820,36,"6","1"
"580",27,"1","1","3","1","2",937,24,"7","0"
"581",30,"1","2","3","1","2",1056,18,"6","1"
"582",49,"1","1","3","1","2",3124,12,"6","0"
"583",26,"2","2","2","1","1",1388,9,"4","0"
"584",33,"1","1","2","1","2",2384,36,"5","1"
"585",52,"2","3","1","1","2",2133,12,"6","0"
"586",20,"2","2","2","1","1",2039,18,"4","1"
"587",36,"1","2","2","1","1",2799,9,"6","0"
"588",21,"1","1","3","1","1",1289,12,"4","0"
"589",47,"1","1","3","1","1",1217,18,"3","1"
"590",60,"1","2","3","1","1",2246,12,"4","1"
"591",58,"2","1","3","1","1",385,12,"2","0"
"592",42,"2","2","2","3","2",1965,24,"6","0"
"593",36,"2","1","3","4","2",1572,21,"8","0"
"594",20,"2","1","2","1","2",2718,24,"6","1"
"595",40,"1","3","3","1","1",1358,24,"1","1"
"596",32,"2","1","3","2","2",931,6,"6","1"
"597",23,"2","2","2","1","1",1442,24,"6","1"
"598",36,"1","1","3","1","2",4241,24,"8","1"
"599",31,"1","2","3","1","2",2775,18,"6","1"
"600",32,"1","2","1","1","1",3863,24,"8","0"
"601",45,"2","2","3","1","2",2329,7,"2","0"
"602",30,"2","2","3","1","2",918,9,"4","1"
"603",34,"2","1","1","1","2",1837,24,"7","1"
"604",28,"2","3","3","1","2",3349,36,"4","1"
"605",23,"2","2","3","1","1",1275,10,"4","0"
"606",22,"1","2","3","3","1",2828,24,"4","0"
"607",74,"1","3","3","1","2",4526,24,"8","0"
"608",50,"2","2","1","2","2",2671,36,"2","1"
"609",33,"1","2","3","1","2",2051,18,"2","0"
"610",45,"1","2","1","2","2",1300,15,"6","0"
"611",22,"2","2","3","2","1",741,12,"3","1"
"612",48,"2","1","1","2","2",1240,10,"6","1"
"613",29,"2","2","3","4","1",3357,21,"2","0"
"614",22,"2","2","2","1","1",3632,24,"6","0"
"615",22,"2","2","3","1","1",1808,18,"4","1"
"616",48,"1","3","3","1","2",12204,48,"8","0"
"617",27,"1","3","1","1","2",9157,60,"2","0"
"618",37,"1","2","2","1","1",3676,6,"6","0"
"619",21,"2","2","2","2","2",3441,30,"4","1"
"620",49,"1","1","3","1","1",640,12,"6","0"
"621",27,"1","2","3","1","2",3652,21,"8","0"
"622",32,"1","2","3","1","2",1530,18,"6","1"
"623",38,"1","2","3","1","1",3914,48,"8","1"
"624",22,"2","2","2","1","1",1858,12,"4","0"
"625",65,"1","2","1","1","1",2600,18,"2","1"
"626",35,"1","2","3","2","2",1979,15,"2","0"
"627",41,"1","2","3","1","2",2116,6,"4","0"
"628",29,"1","2","3","2","2",1437,9,"6","1"
"629",36,"1","2","3","3","2",4042,42,"4","0"
"630",64,"1","1","3","3","2",3832,9,"7","0"
"631",28,"2","2","3","1","1",3660,24,"2","0"
"632",44,"1","2","3","1","1",1553,18,"4","1"
"633",23,"1","2","3","1","2",1444,15,"2","0"
"634",19,"2","2","2","1","1",1980,9,"4","1"
"635",25,"2","1","3","1","2",1355,24,"6","1"
"636",47,"1","2","3","1","2",1393,12,"7","0"
"637",28,"2","2","3","3","1",1376,24,"2","0"
"638",21,"1","2","3","1","2",15653,60,"2","0"
"639",34,"2","2","3","1","2",1493,12,"2","0"
"640",26,"1","2","3","1","1",4370,42,"2","1"
"641",27,"2","0","3","1","1",750,18,"7","1"
"642",38,"1","1","3","1","2",1308,15,"5","0"
"643",40,"1","3","3","2","2",4623,15,"7","1"
"644",33,"1","2","3","1","1",1851,24,"2","0"
"645",32,"1","3","3","1","1",1880,18,"2","0"
"646",27,"1","2","2","1","2",7980,36,"8","1"
"647",32,"1","2","3","1","1",4583,30,"4","0"
"648",26,"2","2","3","3","2",1386,12,"6","1"
"649",38,"1","2","1","1","2",947,24,"6","1"
"650",40,"1","1","2","1","1",684,12,"7","1"
"651",50,"1","3","1","1","1",7476,48,"7","0"
"652",37,"1","1","3","1","2",1922,12,"4","1"
"653",45,"1","2","3","1","1",2303,24,"6","1"
"654",42,"1","3","3","2","2",8086,36,"6","1"
"655",35,"1","2","3","1","1",2346,24,"6","0"
"656",22,"1","2","1","1","1",3973,14,"6","0"
"657",41,"1","1","3","1","2",888,12,"6","1"
"658",37,"1","2","3","1","2",10222,48,"2","0"
"659",28,"2","2","3","1","2",4221,30,"8","0"
"660",41,"1","2","3","1","2",6361,18,"4","0"
"661",23,"1","2","2","1","1",1297,12,"2","0"
"662",23,"1","2","3","1","1",900,12,"6","1"
"663",50,"1","2","3","1","1",2241,21,"4","0"
"664",35,"1","3","3","1","2",1050,6,"4","0"
"665",50,"2","1","3","1","2",1047,6,"7","0"
"666",27,"1","3","3","1","1",6314,24,"1","0"
"667",34,"1","2","3","4","2",3496,30,"4","0"
"668",27,"2","2","3","1","2",3609,48,"8","0"
"669",43,"1","2","2","1","1",4843,12,"6","1"
"670",47,"1","2","3","1","2",3017,30,"2","0"
"671",27,"1","1","3","2","2",4139,24,"8","0"
"672",31,"1","2","3","2","2",5742,36,"8","0"
"673",42,"1","3","3","1","2",10366,60,"6","0"
"674",24,"1","2","3","3","2",2080,6,"6","0"
"675",41,"1","1","3","3","2",2580,21,"8","1"
"676",26,"2","3","2","1","1",4530,30,"2","0"
"677",33,"1","2","3","1","1",5150,24,"4","0"
"678",24,"1","2","3","2","2",5595,72,"2","1"
"679",64,"1","1","2","1","1",2384,24,"2","0"
"680",26,"2","2","3","1","2",1453,18,"2","0"
"681",56,"2","2","3","1","2",1538,6,"7","0"
"682",37,"1","2","1","1","1",2279,12,"2","0"
"683",33,"1","2","3","1","1",1478,15,"2","0"
"684",47,"1","2","1","1","2",5103,24,"2","0"
"685",31,"1","1","3","2","2",9857,36,"8","0"
"686",34,"1","2","1","1","2",6527,60,"6","0"
"687",27,"1","2","3","3","2",1347,10,"2","0"
"688",30,"1","2","1","2","2",2862,36,"6","0"
"689",35,"1","2","3","2","2",2753,9,"2","0"
"690",31,"1","2","3","4","1",3651,12,"6","0"
"691",25,"1","2","3","1","1",975,15,"4","0"
"692",25,"2","1","3","2","2",2631,15,"5","0"
"693",29,"1","2","3","2","2",2896,24,"2","0"
"694",44,"1","1","3","1","1",4716,6,"6","0"
"695",28,"1","2","3","1","1",2284,24,"2","0"
"696",50,"1","2","2","3","1",1236,6,"6","0"
"697",29,"1","2","3","1","2",1103,12,"2","0"
"698",38,"2","0","3","1","1",926,12,"6","0"
"699",24,"1","2","3","1","2",1800,18,"2","0"
"700",40,"1","3","2","1","1",1905,15,"7","0"
"701",29,"2","1","2","3","2",1123,12,"4","1"
"702",46,"1","2","1","1","1",6331,48,"6","1"
"703",47,"2","2","1","2","2",1377,24,"2","0"
"704",41,"1","2","3","2","2",2503,30,"8","0"
"705",32,"2","2","3","1","2",2528,27,"8","0"
"706",35,"2","2","1","3","2",5324,15,"6","0"
"707",24,"1","2","3","2","2",6560,48,"6","1"
"708",25,"2","2","2","1","2",2969,12,"4","1"
"709",25,"2","2","3","1","2",1206,9,"2","0"
"710",37,"1","1","3","1","2",2118,9,"2","0"
"711",32,"1","3","3","3","2",629,18,"2","0"
"712",35,"2","2","1","1","1",1198,6,"7","1"
"713",46,"1","3","3","2","2",2476,21,"6","0"
"714",25,"1","1","3","1","1",1138,9,"2","0"
"715",27,"1","3","3","1","2",14027,60,"6","1"
"716",63,"1","2","3","1","2",7596,30,"6","0"
"717",40,"1","2","3","1","1",3077,30,"2","0"
"718",32,"1","3","1","1","2",1505,18,"2","0"
"719",31,"1","2","3","1","2",3148,24,"2","0"
"720",31,"1","2","3","2","2",6148,20,"6","0"
"721",34,"1","3","3","1","2",1337,9,"2","1"
"722",24,"2","2","2","4","2",433,6,"7","1"
"723",24,"2","1","3","1","1",1228,12,"6","1"
"724",66,"2","1","3","3","2",790,9,"2","0"
"725",21,"2","2","2","1","1",2570,27,"6","1"
"726",41,"2","1","3","4","1",250,6,"6","0"
"727",47,"1","1","3","3","2",1316,15,"2","0"
"728",25,"2","2","2","1","1",1882,18,"2","1"
"729",59,"2","2","2","1","2",6416,48,"8","1"
"730",36,"1","2","3","4","2",1275,24,"8","0"
"731",33,"1","2","3","1","2",6403,24,"2","0"
"732",21,"1","1","2","1","1",1987,24,"2","1"
"733",44,"2","1","3","1","2",760,8,"2","0"
"734",28,"2","2","2","4","2",2603,24,"6","0"
"735",37,"2","2","3","1","2",3380,4,"6","0"
"736",29,"2","0","3","3","2",3990,36,"3","0"
"737",23,"2","3","2","1","2",11560,24,"6","1"
"738",35,"1","1","3","2","1",4380,18,"6","0"
"739",45,"1","3","3","1","1",6761,6,"6","0"
"740",26,"2","1","2","2","2",4280,30,"8","1"
"741",32,"1","2","3","2","1",2325,24,"6","0"
"742",23,"1","1","3","1","2",1048,10,"2","0"
"743",41,"1","2","3","3","2",3160,21,"2","0"
"744",22,"1","2","3","3","1",2483,24,"4","0"
"745",30,"1","3","3","1","1",14179,39,"4","0"
"746",28,"1","1","3","1","1",1797,13,"8","0"
"747",23,"2","2","2","1","1",2511,15,"6","0"
"748",37,"2","1","3","1","1",1274,12,"6","1"
"749",26,"1","2","3","2","2",5248,21,"6","0"
"750",33,"1","2","3","1","1",3029,15,"6","0"
"751",49,"2","2","3","1","1",428,6,"4","0"
"752",23,"2","1","3","1","1",976,18,"6","1"
"753",23,"2","1","2","2","2",841,12,"8","0"
"754",25,"2","2","3","1","2",5771,30,"2","0"
"755",55,"1","2","1","4","2",1555,12,"5","1"
"756",32,"2","2","2","1","1",1285,24,"6","1"
"757",74,"1","0","3","1","1",1299,6,"6","0"
"758",39,"1","2","1","1","1",1271,15,"2","1"
"759",31,"1","2","3","1","1",1393,24,"6","0"
"760",35,"1","2","3","1","1",691,12,"6","1"
"761",59,"2","2","3","4","1",5045,15,"6","0"
"762",24,"2","2","2","1","1",2124,18,"4","1"
"763",24,"1","1","3","1","1",2214,12,"2","0"
"764",30,"1","3","1","1","2",12680,21,"6","1"
"765",27,"1","2","3","2","1",2463,24,"6","0"
"766",40,"1","1","3","1","2",1155,12,"2","0"
"767",31,"1","1","3","1","1",3108,30,"4","1"
"768",31,"2","2","2","1","1",2901,10,"6","0"
"769",28,"1","2","2","1","2",3617,12,"4","0"
"770",63,"1","1","3","1","2",1655,12,"2","0"
"771",26,"2","2","2","1","1",2812,24,"6","0"
"772",25,"2","3","3","1","1",8065,36,"7","1"
"773",36,"1","3","3","1","2",3275,21,"6","0"
"774",52,"1","2","3","2","1",2223,24,"2","0"
"775",66,"1","0","1","3","2",1480,12,"6","0"
"776",25,"2","2","2","1","1",1371,24,"6","1"
"777",37,"1","2","3","1","1",3535,36,"6","0"
"778",25,"2","2","3","1","1",3509,18,"2","0"
"779",38,"1","3","3","4","1",5711,36,"6","0"
"780",67,"2","2","3","1","2",3872,18,"5","0"
"781",25,"1","2","3","1","2",4933,39,"2","1"
"782",60,"1","2","3","4","1",1940,24,"6","0"
"783",31,"1","1","3","1","2",1410,12,"7","0"
"784",23,"2","1","3","2","2",836,12,"6","1"
"785",60,"1","3","3","3","2",6468,20,"6","0"
"786",35,"1","1","3","4","2",1941,18,"8","0"
"787",40,"1","2","3","3","2",2675,22,"2","0"
"788",38,"1","2","3","1","1",2751,48,"6","0"
"789",50,"1","2","1","1","2",6224,48,"7","1"
"790",27,"1","2","3","1","1",5998,40,"7","1"
"791",39,"2","2","3","1","2",1188,21,"8","1"
"792",41,"1","3","3","1","2",6313,24,"6","0"
"793",27,"1","2","3","1","1",1221,6,"4","0"
"794",51,"1","2","1","1","1",2892,24,"4","0"
"795",32,"1","2","2","3","1",3062,24,"4","0"
"796",22,"2","2","2","2","2",2301,9,"4","0"
"797",51,"1","2","1","1","1",7511,18,"6","1"
"798",22,"2","1","2","1","2",1258,12,"4","0"
"799",54,"1","2","3","3","2",717,24,"6","0"
"800",35,"1","0","3","3","2",1549,9,"6","0"
"801",54,"1","2","1","1","1",1597,24,"7","0"
"802",48,"2","1","2","1","2",1795,18,"2","0"
"803",24,"2","2","3","1","1",4272,20,"4","0"
"804",35,"1","2","3","1","2",976,12,"2","0"
"805",24,"2","0","2","1","2",7472,12,"6","0"
"806",24,"1","2","3","1","1",9271,36,"6","1"
"807",26,"1","1","3","1","2",590,6,"2","0"
"808",65,"1","2","3","1","2",930,12,"2","0"
"809",55,"1","3","1","1","2",9283,42,"6","0"
"810",26,"2","0","2","1","2",1778,15,"6","1"
"811",26,"1","2","3","1","2",907,8,"8","0"
"812",28,"1","1","3","1","2",484,6,"2","0"
"813",24,"1","2","3","1","1",9629,36,"6","1"
"814",54,"1","2","3","1","1",3051,48,"3","1"
"815",46,"1","2","1","1","1",3931,48,"6","1"
"816",54,"2","2","2","1","2",7432,36,"6","0"
"817",62,"1","2","3","3","1",1338,6,"3","0"
"818",24,"2","2","2","1","2",1554,6,"2","0"
"819",43,"1","3","3","1","1",15857,36,"1","0"
"820",26,"1","2","3","1","1",1345,18,"2","1"
"821",27,"1","2","3","1","1",1101,12,"6","0"
"822",24,"1","2","3","1","2",3016,12,"2","0"
"823",41,"1","2","3","1","1",2712,36,"4","1"
"824",47,"1","1","3","1","1",731,8,"6","0"
"825",35,"1","3","3","1","2",3780,18,"4","0"
"826",30,"1","2","3","1","1",1602,21,"6","0"
"827",33,"2","2","2","1","1",3966,18,"6","1"
"828",36,"1","2","3","1","2",4165,18,"8","1"
"829",47,"1","2","1","1","1",8335,36,"6","1"
"830",38,"1","2","1","4","2",6681,48,"8","0"
"831",44,"1","2","3","3","2",2375,24,"8","0"
"832",23,"2","2","2","1","1",1216,18,"6","1"
"833",29,"1","2","2","1","1",11816,45,"8","1"
"834",42,"2","2","3","2","2",5084,24,"2","0"
"835",25,"2","1","3","1","1",2327,15,"2","1"
"836",48,"1","2","3","1","1",1082,12,"6","1"
"837",21,"2","2","3","1","1",886,12,"2","0"
"838",23,"2","1","2","1","2",601,4,"4","0"
"839",63,"1","2","3","1","1",2957,24,"6","0"
"840",46,"1","2","3","1","2",2611,24,"2","0"
"841",29,"1","2","3","1","1",5179,36,"4","1"
"842",28,"1","1","3","1","1",2993,21,"6","0"
"843",23,"2","2","3","1","2",1943,18,"5","1"
"844",50,"1","2","3","1","1",1559,24,"8","0"
"845",47,"1","2","3","1","1",3422,18,"4","0"
"846",35,"1","2","3","4","2",3976,21,"4","0"
"847",68,"1","2","2","4","1",6761,18,"6","1"
"848",28,"1","2","3","1","1",1249,24,"6","0"
"849",59,"1","2","3","1","1",1364,9,"2","0"
"850",57,"1","1","3","1","1",709,12,"2","1"
"851",33,"1","2","2","1","1",2235,20,"6","1"
"852",43,"1","2","3","1","1",4042,24,"6","0"
"853",35,"1","2","1","1","2",1471,15,"2","0"
"854",32,"1","1","1","1","1",1442,18,"6","1"
"855",45,"1","2","3","1","2",10875,36,"6","0"
"856",33,"1","2","3","2","1",1474,24,"6","0"
"857",40,"2","2","3","1","2",894,10,"7","0"
"858",28,"1","2","1","1","2",3343,15,"4","0"
"859",29,"2","2","3","1","1",3959,15,"6","1"
"860",26,"1","2","2","2","2",3577,9,"6","0"
"861",27,"1","2","3","4","2",5804,24,"6","0"
"862",28,"1","2","3","1","2",2169,18,"8","1"
"863",35,"2","2","3","1","1",2439,24,"2","1"
"864",32,"1","1","3","4","2",4526,27,"4","0"
"865",25,"1","1","2","1","1",2210,10,"4","1"
"866",20,"2","2","2","3","1",2221,15,"4","0"
"867",27,"2","2","3","1","1",2389,18,"2","0"
"868",42,"1","2","3","1","2",3331,12,"4","0"
"869",37,"1","2","3","4","2",7409,36,"8","0"
"870",24,"2","2","2","1","1",652,12,"4","0"
"871",40,"2","2","3","3","2",7678,36,"4","0"
"872",46,"1","2","3","1","2",1343,6,"6","0"
"873",26,"1","2","3","2","1",1382,24,"8","0"
"874",24,"2","2","3","2","1",874,15,"3","0"
"875",29,"1","1","3","1","1",3590,12,"4","0"
"876",40,"2","2","3","4","2",1322,11,"6","0"
"877",36,"1","3","1","1","1",1940,18,"2","0"
"878",28,"1","2","3","1","1",3595,36,"2","0"
"879",27,"1","3","1","1","1",1422,9,"6","1"
"880",36,"1","2","3","1","1",6742,30,"2","0"
"881",38,"1","3","3","1","2",7814,24,"6","0"
"882",48,"1","2","1","1","2",9277,24,"6","0"
"883",36,"1","2","3","2","2",2181,30,"6","0"
"884",65,"2","0","3","1","2",1098,18,"2","0"
"885",43,"1","2","3","1","2",4057,24,"4","1"
"886",53,"2","2","3","1","1",795,12,"7","1"
"887",34,"1","2","3","1","2",2825,24,"8","0"
"888",23,"1","2","3","1","2",15672,48,"8","1"
"889",34,"1","3","3","1","2",6614,36,"6","0"
"890",40,"1","2","2","1","1",7824,28,"6","0"
"891",43,"1","3","3","1","1",2442,27,"8","0"
"892",46,"1","2","3","1","1",1829,15,"2","0"
"893",38,"1","1","3","1","1",2171,12,"6","0"
"894",34,"1","2","3","1","2",5800,36,"6","0"
"895",29,"1","2","3","2","2",1169,18,"2","0"
"896",31,"1","3","3","1","2",8947,36,"6","0"
"897",28,"2","3","2","1","1",2606,21,"2","0"
"898",35,"2","2","3","4","1",1592,12,"4","0"
"899",33,"2","1","2","1","1",2186,15,"4","0"
"900",42,"1","2","3","1","1",4153,18,"4","1"
"901",43,"1","2","2","1","1",2625,16,"6","1"
"902",44,"1","2","3","1","1",3485,20,"6","0"
"903",42,"1","2","1","1","1",10477,36,"6","0"
"904",40,"1","2","2","3","2",1386,15,"2","0"
"905",36,"1","3","3","1","2",1278,24,"2","0"
"906",20,"1","3","2","1","1",1107,12,"2","0"
"907",24,"1","1","3","1","1",3763,21,"6","0"
"908",27,"1","2","3","1","2",3711,36,"7","0"
"909",46,"2","1","3","1","1",3594,15,"6","0"
"910",33,"2","1","3","2","2",3195,9,"6","0"
"911",34,"2","2","3","1","1",4454,36,"2","0"
"912",25,"2","1","3","1","2",4736,24,"4","1"
"913",25,"2","2","3","3","2",2991,30,"2","0"
"914",28,"1","2","3","4","2",2142,11,"8","0"
"915",31,"1","2","2","1","1",3161,24,"8","1"
"916",32,"2","3","3","1","2",18424,48,"1","1"
"917",32,"1","2","3","2","2",2848,10,"6","0"
"918",68,"1","3","3","1","1",14896,6,"6","1"
"919",33,"1","2","3","2","1",2359,24,"4","1"
"920",39,"1","3","2","1","1",3345,24,"4","1"
"921",28,"2","2","3","1","2",1817,18,"4","0"
"922",37,"1","3","3","3","2",12749,48,"2","0"
"923",22,"2","2","2","1","1",1366,9,"2","1"
"924",30,"1","2","2","1","2",2002,12,"6","0"
"925",55,"1","2","3","1","1",6872,24,"4","1"
"926",46,"1","2","3","1","1",697,12,"6","1"
"927",21,"2","2","2","1","1",1049,18,"4","0"
"928",39,"1","2","1","1","1",10297,48,"6","1"
"929",58,"1","2","3","1","2",1867,30,"2","0"
"930",43,"1","1","3","1","1",1344,12,"6","0"
"931",24,"1","1","3","1","1",1747,24,"4","0"
"932",22,"2","2","3","1","2",1670,9,"2","1"
"933",30,"1","2","3","1","2",1224,9,"6","0"
"934",42,"1","2","3","3","2",522,12,"2","0"
"935",23,"2","2","3","1","1",1498,12,"2","0"
"936",30,"1","3","3","2","2",1919,30,"2","1"
"937",28,"2","1","3","1","2",745,9,"2","1"
"938",30,"1","3","2","1","2",2063,6,"2","0"
"939",42,"1","2","1","1","2",6288,60,"7","1"
"940",46,"1","3","3","1","1",6842,24,"6","0"
"941",45,"1","3","3","1","1",3527,12,"6","0"
"942",31,"1","1","3","1","1",1546,10,"6","0"
"943",31,"1","2","3","1","2",929,24,"4","0"
"944",42,"1","1","3","1","1",1455,4,"6","0"
"945",46,"2","2","2","1","1",1845,15,"4","0"
"946",30,"2","2","3","3","2",8358,48,"6","0"
"947",30,"1","2","1","3","1",3349,24,"4","1"
"948",38,"1","3","3","1","1",2859,12,"6","0"
"949",43,"1","1","3","1","2",1533,18,"4","1"
"950",31,"1","2","3","2","2",3621,24,"2","1"
"951",40,"1","0","3","1","2",3590,18,"8","0"
"952",24,"1","2","3","1","1",2145,36,"8","1"
"953",28,"2","2","2","3","2",4113,24,"6","1"
"954",26,"2","3","3","1","1",10974,36,"4","1"
"955",29,"2","2","3","1","1",1893,12,"6","0"
"956",57,"2","3","2","4","1",1231,24,"2","0"
"957",49,"1","1","3","1","2",3656,30,"2","0"
"958",37,"1","1","3","1","2",1154,9,"2","0"
"959",45,"1","1","3","1","1",4006,28,"6","1"
"960",30,"1","2","1","2","2",3069,24,"4","0"
"961",30,"1","2","2","1","1",1740,6,"2","0"
"962",47,"1","2","3","1","2",2353,21,"6","0"
"963",29,"1","2","3","1","1",3556,15,"6","0"
"964",35,"1","2","3","3","2",2397,24,"2","1"
"965",22,"1","1","3","1","2",454,6,"5","0"
"966",26,"2","2","3","1","2",1715,30,"2","0"
"967",23,"1","1","3","3","2",2520,27,"2","1"
"968",54,"2","3","2","1","2",3568,15,"2","0"
"969",29,"1","2","2","1","2",7166,42,"2","0"
"970",40,"1","1","3","1","1",3939,11,"6","0"
"971",22,"1","2","3","2","2",1514,15,"5","0"
"972",43,"1","1","3","1","2",7393,24,"6","0"
"973",29,"2","0","2","1","1",1193,24,"6","1"
"974",36,"1","2","2","1","1",7297,60,"8","1"
"975",33,"2","2","3","1","2",2831,30,"2","0"
"976",57,"2","1","3","3","2",1258,24,"2","0"
"977",64,"2","2","3","1","2",753,6,"2","0"
"978",42,"1","2","3","3","2",2427,18,"8","0"
"979",47,"1","1","3","1","2",2538,24,"6","1"
"980",25,"1","2","2","2","2",1264,15,"6","1"
"981",49,"1","2","3","1","2",8386,30,"4","1"
"982",33,"1","3","2","1","1",4844,48,"8","1"
"983",28,"2","3","3","2","1",2923,21,"6","0"
"984",26,"1","2","3","1","1",8229,36,"6","1"
"985",30,"1","1","3","1","2",2028,24,"4","0"
"986",25,"2","2","2","1","1",1433,15,"4","0"
"987",33,"1","2","3","1","2",6289,42,"8","0"
"988",64,"2","2","3","2","2",1409,13,"2","0"
"989",29,"1","3","1","1","1",6579,24,"6","0"
"990",48,"1","1","3","1","2",1743,24,"2","0"
"991",37,"1","1","3","1","1",3565,12,"7","0"
"992",34,"1","1","3","2","2",1569,15,"2","0"
"993",23,"1","1","2","3","1",1936,18,"2","0"
"994",30,"1","3","3","1","1",3959,36,"4","0"
"995",50,"1","2","3","1","1",2390,12,"6","0"
"996",31,"2","1","3","1","2",1736,12,"4","0"
"997",40,"1","3","3","1","1",3857,30,"6","0"
"998",38,"1","2","3","1","1",804,12,"2","0"
"999",23,"1","2","1","1","1",1845,45,"2","1"
"1000",27,"1","2","3","2","2",4576,45,"6","0"
